policy,phase,runs,mean_hits,std_hits,mean_faults,std_faults,mean_hit_ratio,std_hit_ratio
FIFO,before_shift,7,153.85714285714286,7.84067538393157,46.142857142857146,7.84067538393157,0.7692857142857142,0.03920337691965786
FIFO,after_shift,7,86.0,7.023769168568493,114.0,7.023769168568493,0.43,0.035118845842842465
FIFO,overall,7,239.85714285714286,11.20161552974349,160.14285714285714,11.20161552974349,0.5996428571428571,0.028004038824358736
LRU,before_shift,7,152.85714285714286,9.973775136636606,47.142857142857146,9.973775136636602,0.7642857142857142,0.049868875683183024
LRU,after_shift,7,89.28571428571429,7.158079018709922,110.71428571428571,7.158079018709922,0.44642857142857145,0.03579039509354963
LRU,overall,7,242.14285714285714,11.466306749611684,157.85714285714286,11.466306749611684,0.6053571428571428,0.028665766874029205
Optimal,before_shift,7,177.14285714285714,3.8913824205360665,22.857142857142858,3.8913824205360674,0.8857142857142858,0.019456912102680367
Optimal,after_shift,7,125.14285714285714,2.7945525240230893,74.85714285714286,2.7945525240230893,0.6257142857142857,0.013972762620115447
Optimal,overall,7,302.2857142857143,4.347960660443218,97.71428571428571,4.347960660443229,0.7557142857142857,0.010869901651108042
Learned,before_shift,7,152.71428571428572,11.086242010021333,47.285714285714285,11.086242010021335,0.7635714285714286,0.05543121005010671
Learned,after_shift,7,71.57142857142857,7.892129895390361,128.42857142857142,7.892129895390363,0.3578571428571428,0.03946064947695182
Learned,overall,7,224.28571428571428,12.957806986707354,175.71428571428572,12.957806986707354,0.5607142857142857,0.03239451746676838
