policy,seed,phase,accesses,hits,faults,hit_ratio
FIFO,42,before_shift,200,166,34,0.83
FIFO,42,after_shift,200,85,115,0.425
FIFO,42,overall,400,251,149,0.6275
LRU,42,before_shift,200,168,32,0.84
LRU,42,after_shift,200,85,115,0.425
LRU,42,overall,400,253,147,0.6325
Optimal,42,before_shift,200,183,17,0.915
Optimal,42,after_shift,200,123,77,0.615
Optimal,42,overall,400,306,94,0.765
Learned,42,before_shift,200,165,35,0.825
Learned,42,after_shift,200,76,124,0.38
Learned,42,overall,400,241,159,0.6025
FIFO,43,before_shift,200,151,49,0.755
FIFO,43,after_shift,200,97,103,0.485
FIFO,43,overall,400,248,152,0.62
LRU,43,before_shift,200,148,52,0.74
LRU,43,after_shift,200,102,98,0.51
LRU,43,overall,400,250,150,0.625
Optimal,43,before_shift,200,174,26,0.87
Optimal,43,after_shift,200,129,71,0.645
Optimal,43,overall,400,303,97,0.7575
Learned,43,before_shift,200,151,49,0.755
Learned,43,after_shift,200,66,134,0.33
Learned,43,overall,400,217,183,0.5425
FIFO,44,before_shift,200,145,55,0.725
FIFO,44,after_shift,200,82,118,0.41
FIFO,44,overall,400,227,173,0.5675
LRU,44,before_shift,200,150,50,0.75
LRU,44,after_shift,200,85,115,0.425
LRU,44,overall,400,235,165,0.5875
Optimal,44,before_shift,200,177,23,0.885
Optimal,44,after_shift,200,123,77,0.615
Optimal,44,overall,400,300,100,0.75
Learned,44,before_shift,200,159,41,0.795
Learned,44,after_shift,200,79,121,0.395
Learned,44,overall,400,238,162,0.595
FIFO,45,before_shift,200,156,44,0.78
FIFO,45,after_shift,200,83,117,0.415
FIFO,45,overall,400,239,161,0.5975
LRU,45,before_shift,200,150,50,0.75
LRU,45,after_shift,200,92,108,0.46
LRU,45,overall,400,242,158,0.605
Optimal,45,before_shift,200,177,23,0.885
Optimal,45,after_shift,200,127,73,0.635
Optimal,45,overall,400,304,96,0.76
Learned,45,before_shift,200,155,45,0.775
Learned,45,after_shift,200,78,122,0.39
Learned,45,overall,400,233,167,0.5825
FIFO,46,before_shift,200,161,39,0.805
FIFO,46,after_shift,200,93,107,0.465
FIFO,46,overall,400,254,146,0.635
LRU,46,before_shift,200,161,39,0.805
LRU,46,after_shift,200,94,106,0.47
LRU,46,overall,400,255,145,0.6375
Optimal,46,before_shift,200,180,20,0.9
Optimal,46,after_shift,200,128,72,0.64
Optimal,46,overall,400,308,92,0.77
Learned,46,before_shift,200,138,62,0.69
Learned,46,after_shift,200,75,125,0.375
Learned,46,overall,400,213,187,0.5325
FIFO,47,before_shift,200,145,55,0.725
FIFO,47,after_shift,200,86,114,0.43
FIFO,47,overall,400,231,169,0.5775
LRU,47,before_shift,200,137,63,0.685
LRU,47,after_shift,200,86,114,0.43
LRU,47,overall,400,223,177,0.5575
Optimal,47,before_shift,200,171,29,0.855
Optimal,47,after_shift,200,124,76,0.62
Optimal,47,overall,400,295,105,0.7375
Learned,47,before_shift,200,138,62,0.69
Learned,47,after_shift,200,70,130,0.35
Learned,47,overall,400,208,192,0.52
FIFO,48,before_shift,200,153,47,0.765
FIFO,48,after_shift,200,76,124,0.38
FIFO,48,overall,400,229,171,0.5725
LRU,48,before_shift,200,156,44,0.78
LRU,48,after_shift,200,81,119,0.405
LRU,48,overall,400,237,163,0.5925
Optimal,48,before_shift,200,178,22,0.89
Optimal,48,after_shift,200,122,78,0.61
Optimal,48,overall,400,300,100,0.75
Learned,48,before_shift,200,163,37,0.815
Learned,48,after_shift,200,57,143,0.285
Learned,48,overall,400,220,180,0.55
